entity,count,type
jo (PER),350,PER
wil (PER),243,PER
e (MISC),82,MISC
john wiley (PER),56,PER
euro (LOC),53,LOC
john wil (PER),53,PER
https (MISC),47,MISC
europea (MISC),39,MISC
sp (LOC),37,LOC
i (MISC),35,MISC
##itsbergen (LOC),34,LOC
n (MISC),27,MISC
s (MISC),24,MISC
https (ORG),24,ORG
ga (PER),24,PER
##tad (LOC),21,LOC
río (LOC),21,LOC
ati (MISC),20,MISC
nor (MISC),19,MISC
nt (MISC),19,MISC
jap (MISC),19,MISC
cal (LOC),18,LOC
et (MISC),17,MISC
##wed (MISC),17,MISC
ja (PER),16,PER
s (LOC),16,LOC
ro (MISC),16,MISC
e (LOC),15,LOC
m (PER),15,PER
brit (MISC),15,MISC
indo (LOC),15,LOC
s (PER),15,PER
wiley (PER),15,PER
ku (PER),15,PER
ci (MISC),15,MISC
download (MISC),14,MISC
##nstein (PER),14,PER
am (LOC),14,LOC
en (MISC),14,MISC
aust (LOC),14,LOC
port (MISC),13,MISC
tio (MISC),13,MISC
it (MISC),13,MISC
od (MISC),13,MISC
on (MISC),12,MISC
##uhlenbeck (PER),12,PER
m (LOC),12,LOC
u (MISC),12,MISC
t (MISC),12,MISC
g (MISC),12,MISC
ont (MISC),12,MISC
gi (MISC),12,MISC
in (MISC),11,MISC
t (LOC),11,LOC
r (MISC),11,MISC
o (MISC),11,MISC
i (LOC),11,LOC
at (MISC),11,MISC
te (MISC),11,MISC
k (PER),11,PER
pe (MISC),11,MISC
y (MISC),10,MISC
fr (PER),10,PER
ns (MISC),10,MISC
x (MISC),10,MISC
california (LOC),10,LOC
sub (LOC),10,LOC
al (MISC),10,MISC
k (LOC),10,LOC
m (MISC),10,MISC
##bergen (LOC),10,LOC
e (PER),10,PER
lati (MISC),9,MISC
##berg (PER),9,PER
##emstad (LOC),9,LOC
me (MISC),9,MISC
si (MISC),9,MISC
bern (PER),9,PER
ng (MISC),9,MISC
##berg (LOC),9,LOC
aust (MISC),8,MISC
ta (LOC),8,LOC
ri (MISC),8,MISC
em (MISC),8,MISC
lt (MISC),8,MISC
er (MISC),8,MISC
##ornia (LOC),8,LOC
wiley (ORG),8,ORG
az (LOC),8,LOC
john wiley son (PER),8,PER
will (LOC),8,LOC
et (LOC),8,LOC
st (MISC),8,MISC
e (ORG),8,ORG
zi (LOC),8,LOC
i (ORG),7,ORG
hans (PER),7,PER
india (LOC),7,LOC
ing (MISC),7,MISC
am (MISC),7,MISC
##üb (LOC),7,LOC
th (PER),7,PER
ut (MISC),7,MISC
p (LOC),7,LOC
ei (PER),7,PER
io (MISC),7,MISC
asi (LOC),7,LOC
ur (MISC),7,MISC
c (MISC),7,MISC
ker (LOC),7,LOC
ig (MISC),7,MISC
van (PER),7,PER
b (LOC),7,LOC
go (LOC),7,LOC
##b (LOC),7,LOC
n (LOC),7,LOC
can (MISC),7,MISC
de (LOC),6,LOC
ion (MISC),6,MISC
##znetsova (PER),6,PER
ou (MISC),6,MISC
gu (LOC),6,LOC
bra (PER),6,PER
tim (MISC),6,MISC
rio (LOC),6,LOC
australi (LOC),6,LOC
##el (MISC),6,MISC
es (MISC),6,MISC
jan (PER),6,PER
og (MISC),6,MISC
ea (MISC),6,MISC
it (LOC),6,LOC
be (LOC),6,LOC
ti (LOC),6,LOC
petitsaut (LOC),6,LOC
##biq (LOC),6,LOC
kr (PER),6,PER
br (PER),6,PER
##hofer (PER),6,PER
be (PER),6,PER
op (MISC),6,MISC
##ia (LOC),6,LOC
europe (LOC),6,LOC
##tan (LOC),6,LOC
monte (LOC),6,LOC
mich (PER),6,PER
ie (MISC),6,MISC
ti (MISC),6,MISC
bit (MISC),6,MISC
ot (MISC),6,MISC
berg (PER),6,PER
château (LOC),5,LOC
eri (MISC),5,MISC
pin (LOC),5,LOC
u (LOC),5,LOC
ze (MISC),5,MISC
tur (LOC),5,LOC
om (MISC),5,MISC
châteauvilla (LOC),5,LOC
kolm (PER),5,PER
pa (LOC),5,LOC
ul (MISC),5,MISC
pol (LOC),5,LOC
gi (LOC),5,LOC
##tropical (MISC),5,MISC
d (PER),5,PER
amundsen (PER),5,PER
kr (LOC),5,LOC
##ores (LOC),5,LOC
petit (PER),5,PER
##byl (LOC),5,LOC
##witzerland (LOC),5,LOC
mala (MISC),5,MISC
ena (MISC),5,MISC
ci (LOC),5,LOC
car (LOC),5,LOC
deutschen (MISC),5,MISC
z (LOC),5,LOC
o (PER),5,PER
f (LOC),5,LOC
##aran (LOC),5,LOC
na (MISC),5,MISC
o (ORG),5,ORG
lao (LOC),5,LOC
he (PER),5,PER
w (LOC),4,LOC
##zak (MISC),4,MISC
##en (MISC),4,MISC
co (MISC),4,MISC
eno (MISC),4,MISC
##ke (PER),4,PER
nm (LOC),4,LOC
eo (MISC),4,MISC
wil (ORG),4,ORG
ll (MISC),4,MISC
golestan (LOC),4,LOC
##bourg (LOC),4,LOC
köhler (PER),4,PER
##ckenberg (LOC),4,LOC
g (LOC),4,LOC
by (LOC),4,LOC
##rali (MISC),4,MISC
cam (LOC),4,LOC
he (LOC),4,LOC
tur (MISC),4,MISC
dejean (PER),4,PER
pi (LOC),4,LOC
st (PER),4,PER
il (MISC),4,MISC
d (LOC),4,LOC
um (MISC),4,MISC
le (PER),4,PER
am (PER),4,PER
bo (PER),4,PER
fa (PER),4,PER
##xica (MISC),4,MISC
pl (MISC),4,MISC
ben (PER),4,PER
amsterdam (LOC),4,LOC
h (LOC),4,LOC
vi (PER),4,PER
hy (MISC),4,MISC
australia (LOC),4,LOC
mont (LOC),4,LOC
lu (MISC),4,MISC
bu (PER),4,PER
ime (MISC),4,MISC
kl (PER),4,PER
ep (MISC),4,MISC
ben (LOC),4,LOC
dit (MISC),4,MISC
##holm (LOC),4,LOC
can (LOC),4,LOC
gen (MISC),4,MISC
ol (MISC),4,MISC
siti (MISC),4,MISC
tat (MISC),4,MISC
##sterdam (LOC),4,LOC
von (PER),4,PER
ons (MISC),4,MISC
at (PER),4,PER
di (PER),4,PER
ati (LOC),4,LOC
books (PER),4,PER
##witz (LOC),4,LOC
##erland (LOC),4,LOC
od (PER),4,PER
co (LOC),4,LOC
##dam (LOC),4,LOC
bio (MISC),4,MISC
##bwe (LOC),4,LOC
rs (MISC),4,MISC
za (LOC),4,LOC
ed (MISC),4,MISC
##geri (MISC),4,MISC
##sberg (LOC),4,LOC
hr (MISC),4,MISC
ku (LOC),4,LOC
eat (MISC),4,MISC
ni (LOC),4,LOC
##pou (PER),4,PER
spitsbergen (LOC),4,LOC
##ifornia (LOC),4,LOC
##nsteinuhlenbeck (PER),4,PER
cat (LOC),3,LOC
mil (MISC),3,MISC
east (PER),3,PER
to (MISC),3,MISC
h (PER),3,PER
##haven (LOC),3,LOC
ni (MISC),3,MISC
pilanesberg (LOC),3,LOC
de (PER),3,PER
##öhle (PER),3,PER
g (PER),3,PER
re (LOC),3,LOC
chi (LOC),3,LOC
mi (PER),3,PER
ze (PER),3,PER
ot (LOC),3,LOC
rom (MISC),3,MISC
we (MISC),3,MISC
nak (PER),3,PER
ai (LOC),3,LOC
ri (LOC),3,LOC
da (PER),3,PER
p (MISC),3,MISC
##au (PER),3,PER
##tsova (PER),3,PER
bel (LOC),3,LOC
lk (LOC),3,LOC
as (MISC),3,MISC
kim (LOC),3,LOC
arnoldi (PER),3,PER
ja (MISC),3,MISC
ers (MISC),3,MISC
pan (MISC),3,MISC
ng (LOC),3,LOC
ra (PER),3,PER
##tein (PER),3,PER
ici (MISC),3,MISC
and (MISC),3,MISC
van (LOC),3,LOC
lore (PER),3,PER
ge (MISC),3,MISC
ka (MISC),3,MISC
barbier (PER),3,PER
##lanesberg (LOC),3,LOC
française (LOC),3,LOC
di (MISC),3,MISC
lit (MISC),3,MISC
eget (MISC),3,MISC
ve (MISC),3,MISC
essi (MISC),3,MISC
carabidae (LOC),3,LOC
kap (PER),3,PER
ment (MISC),3,MISC
##redenburg (LOC),3,LOC
ona (MISC),3,MISC
lei (PER),3,PER
hou (MISC),3,MISC
eu (MISC),3,MISC
httpsunivrenneshalsci (ORG),3,ORG
ff (MISC),3,MISC
bjørnstad (LOC),3,LOC
eso (MISC),3,MISC
black (ORG),3,ORG
str (PER),3,PER
ratu (MISC),3,MISC
ua (MISC),3,MISC
##ino (LOC),3,LOC
mon (MISC),3,MISC
##wed (LOC),3,LOC
##e (LOC),3,LOC
ro (PER),3,PER
got (PER),3,PER
go (PER),3,PER
##bergen (PER),3,PER
ab (LOC),3,LOC
gh (LOC),3,LOC
ei (MISC),3,MISC
anda (MISC),3,MISC
##stad (LOC),3,LOC
che (LOC),3,LOC
ce (MISC),3,MISC
sp (MISC),3,MISC
##mbabwe (LOC),3,LOC
istri (MISC),3,MISC
el (MISC),3,MISC
lore (MISC),3,MISC
edi (MISC),3,MISC
##ikajoki (LOC),3,LOC
si (LOC),3,LOC
lle (MISC),3,MISC
##mann (PER),3,PER
te (PER),3,PER
mo (LOC),3,LOC
q (LOC),3,LOC
res (MISC),3,MISC
ned (MISC),3,MISC
dan (PER),3,PER
fr (MISC),3,MISC
##i (LOC),3,LOC
arno (PER),3,PER
##fordshire (LOC),3,LOC
cez (LOC),3,LOC
chateauroux (LOC),3,LOC
adam (PER),3,PER
erg (MISC),3,MISC
ke (PER),3,PER
the (PER),3,PER
bra (MISC),3,MISC
ba (PER),3,PER
mun (LOC),3,LOC
br (LOC),3,LOC
##agawa (PER),3,PER
jacquet (PER),3,PER
thébault (PER),3,PER
erat (LOC),3,LOC
sa (PER),3,PER
##v (MISC),3,MISC
##gou (LOC),3,LOC
is (MISC),3,MISC
if (MISC),3,MISC
po (LOC),3,LOC
f (MISC),3,MISC
co (PER),3,PER
ere (MISC),3,MISC
ki (LOC),3,LOC
##übendorf (LOC),3,LOC
ale (MISC),3,MISC
sp (PER),3,PER
deutsche (ORG),3,ORG
jord (MISC),3,MISC
br (MISC),3,MISC
und (MISC),3,MISC
cas (PER),3,PER
ja (LOC),3,LOC
##nd (LOC),3,LOC
##er (MISC),3,MISC
gall (PER),3,PER
##ptera (MISC),3,MISC
##zhou (LOC),3,LOC
##adeloupe (LOC),2,LOC
qué (PER),2,PER
dijo (LOC),2,LOC
kearsley (PER),2,PER
ef (MISC),2,MISC
to (LOC),2,LOC
pari (LOC),2,LOC
##berger (PER),2,PER
zakouma (LOC),2,LOC
cezilly (LOC),2,LOC
l (MISC),2,MISC
cezilly (PER),2,PER
ha (LOC),2,LOC
pinheiro (PER),2,PER
ipar (LOC),2,LOC
is (LOC),2,LOC
ug (LOC),2,LOC
je (LOC),2,LOC
ark (MISC),2,MISC
##cala (LOC),2,LOC
##sky (PER),2,PER
##saharan (LOC),2,LOC
##sa (LOC),2,LOC
taba (MISC),2,MISC
no (LOC),2,LOC
##on (LOC),2,LOC
ga (LOC),2,LOC
##ésie française (LOC),2,LOC
for (MISC),2,MISC
et (PER),2,PER
##purkar (PER),2,PER
##bli (MISC),2,MISC
qui (MISC),2,MISC
##v (PER),2,PER
monte carlo (LOC),2,LOC
alat (LOC),2,LOC
roba (MISC),2,MISC
##tadt (LOC),2,LOC
og (LOC),2,LOC
##byl (MISC),2,MISC
doiorg (MISC),2,MISC
michael (PER),2,PER
maría gomez (PER),2,PER
jos (PER),2,PER
v (PER),2,PER
perpignan (LOC),2,LOC
##der von humboldt (PER),2,PER
rai (MISC),2,MISC
bor (PER),2,PER
université (LOC),2,LOC
bili (MISC),2,MISC
##oki (PER),2,PER
met (PER),2,PER
be (MISC),2,MISC
mar (PER),2,PER
prin (MISC),2,MISC
##uh (PER),2,PER
##lenbeck (PER),2,PER
brit (LOC),2,LOC
ari (MISC),2,MISC
ting (MISC),2,MISC
ne (LOC),2,LOC
würzburg (LOC),2,LOC
##rnstad (LOC),2,LOC
v (LOC),2,LOC
http (MISC),2,MISC
go (MISC),2,MISC
je (PER),2,PER
ista (LOC),2,LOC
##h (LOC),2,LOC
flor (LOC),2,LOC
niger (LOC),2,LOC
alexan (PER),2,PER
tua (MISC),2,MISC
eu (LOC),2,LOC
##tal (LOC),2,LOC
##a (LOC),2,LOC
##fly (MISC),2,MISC
bit (LOC),2,LOC
ran (MISC),2,MISC
nline (ORG),2,ORG
##gue (PER),2,PER
vin (MISC),2,MISC
ra (MISC),2,MISC
##mid (PER),2,PER
do (PER),2,PER
##owski (PER),2,PER
aras (MISC),2,MISC
##fontein (LOC),2,LOC
kuznetsova (PER),2,PER
he (MISC),2,MISC
##uga (MISC),2,MISC
gram (MISC),2,MISC
er (LOC),2,LOC
ps (MISC),2,MISC
rev (MISC),2,MISC
not (MISC),2,MISC
guisane (LOC),2,LOC
##erfjord (LOC),2,LOC
nit (MISC),2,MISC
val (MISC),2,MISC
te (LOC),2,LOC
j (LOC),2,LOC
##yväskylä (LOC),2,LOC
pyrenees (LOC),2,LOC
esi (MISC),2,MISC
lau (PER),2,PER
zimbabwe (LOC),2,LOC
app (LOC),2,LOC
almqvist jansson (PER),2,PER
dufour (PER),2,PER
pa (MISC),2,MISC
ito (MISC),2,MISC
##val (MISC),2,MISC
od (LOC),2,LOC
up (MISC),2,MISC
neo (MISC),2,MISC
boli (LOC),2,LOC
##ment (MISC),2,MISC
##zenodo (MISC),2,MISC
##fjord (LOC),2,LOC
ko (MISC),2,MISC
ir (MISC),2,MISC
puerto (LOC),2,LOC
dawson (PER),2,PER
##ett (ORG),2,ORG
le (MISC),2,MISC
##akov (PER),2,PER
net (MISC),2,MISC
##eh (MISC),2,MISC
nde (PER),2,PER
cu (MISC),2,MISC
nde (MISC),2,MISC
bernoul (PER),2,PER
cas (MISC),2,MISC
national dhistoire naturelle (LOC),2,LOC
eta (MISC),2,MISC
hry (PER),2,PER
bu (LOC),2,LOC
santa (LOC),2,LOC
##hit (LOC),2,LOC
odel (ORG),2,ORG
##halte (PER),2,PER
af (LOC),2,LOC
ological (MISC),2,MISC
santi (LOC),2,LOC
text (MISC),2,MISC
##ford (LOC),2,LOC
##bault (PER),2,PER
ai (MISC),2,MISC
tio (LOC),2,LOC
##heimer (PER),2,PER
vit (MISC),2,MISC
madeira (LOC),2,LOC
cense (MISC),2,MISC
ia (MISC),2,MISC
canterbury (LOC),2,LOC
roce (MISC),2,MISC
nm (MISC),2,MISC
eisenhauer (PER),2,PER
app (MISC),2,MISC
xin (MISC),2,MISC
anu (MISC),2,MISC
jen (PER),2,PER
polynesia (LOC),2,LOC
jim (PER),2,PER
rat (MISC),2,MISC
south (LOC),2,LOC
michał bogdziewicz (PER),2,PER
ut (ORG),2,ORG
##itzbergen (LOC),2,LOC
ver (MISC),2,MISC
##znetsov (PER),2,PER
##em (PER),2,PER
siikajoki (LOC),2,LOC
bin (MISC),2,MISC
##fjorden (LOC),2,LOC
##eco (MISC),2,MISC
ch (MISC),2,MISC
me (LOC),2,LOC
##n (MISC),2,MISC
kr (MISC),2,MISC
ken (MISC),2,MISC
ap (MISC),2,MISC
##nja (LOC),2,LOC
##ew (LOC),2,LOC
she (LOC),2,LOC
h (MISC),2,MISC
st (LOC),2,LOC
vera (MISC),2,MISC
kathmandu (LOC),2,LOC
##abad (LOC),2,LOC
##land (LOC),2,LOC
is (PER),2,PER
ol (LOC),2,LOC
ma (LOC),2,LOC
az (MISC),2,MISC
gar (LOC),2,LOC
##sen (PER),2,PER
db (MISC),2,MISC
han (MISC),2,MISC
willemstad (LOC),2,LOC
zen (MISC),2,MISC
itt (LOC),2,LOC
##ai (LOC),2,LOC
w (PER),2,PER
##gasy (MISC),2,MISC
gie (PER),2,PER
##wald (LOC),2,LOC
benfontein (LOC),2,LOC
ee (MISC),2,MISC
##eter (MISC),2,MISC
kuijper (PER),2,PER
##reiber (PER),2,PER
lan (MISC),2,MISC
itanhaem (LOC),2,LOC
elf (MISC),2,MISC
aria (MISC),2,MISC
kalah (LOC),2,LOC
sitio (MISC),2,MISC
per (LOC),2,LOC
chi (MISC),2,MISC
hang (LOC),2,LOC
doit (PER),2,PER
fronhofer (PER),2,PER
ke (LOC),2,LOC
##orn (LOC),2,LOC
el (PER),2,PER
asi (MISC),2,MISC
t (ORG),2,ORG
##e (MISC),2,MISC
ede (MISC),2,MISC
ego (MISC),2,MISC
z (PER),2,PER
##öppen (LOC),2,LOC
december (LOC),2,LOC
vir (MISC),2,MISC
##pe (MISC),2,MISC
lle (PER),2,PER
kai (PER),2,PER
zu (PER),2,PER
trat (MISC),2,MISC
ay (MISC),2,MISC
##hiopia (LOC),2,LOC
gr (PER),2,PER
université paris (LOC),2,LOC
ri (PER),2,PER
strasbourg (LOC),2,LOC
re (MISC),2,MISC
uit (MISC),2,MISC
fi (MISC),2,MISC
##ncabamba (LOC),2,LOC
bookstein (ORG),2,ORG
jardin (LOC),2,LOC
##wie (LOC),2,LOC
bi (LOC),2,LOC
##wieża (LOC),2,LOC
cable (MISC),2,MISC
##weg (MISC),2,MISC
##zej (PER),2,PER
ss (MISC),2,MISC
tri (MISC),2,MISC
##oua (LOC),2,LOC
petits (LOC),2,LOC
hartbeespoort (LOC),2,LOC
##ora el garrapatero (LOC),2,LOC
giro (LOC),2,LOC
ter (LOC),2,LOC
##walde (LOC),2,LOC
li (LOC),2,LOC
nta (LOC),2,LOC
fe (PER),2,PER
jr (PER),2,PER
ns (LOC),2,LOC
##dorf (PER),2,PER
ug (MISC),2,MISC
iz (LOC),2,LOC
if (LOC),2,LOC
##vrennes (ORG),2,ORG
##öhle (LOC),2,LOC
rap (MISC),2,MISC
egy (MISC),2,MISC
the (MISC),2,MISC
##tic (MISC),2,MISC
##akatau (LOC),2,LOC
din (MISC),2,MISC
gu (PER),2,PER
ver (LOC),2,LOC
au (LOC),2,LOC
him (LOC),2,LOC
ne (MISC),2,MISC
##reden (LOC),2,LOC
luannan (LOC),2,LOC
atas (PER),2,PER
musée royal la (LOC),2,LOC
post (MISC),2,MISC
##emüller (PER),2,PER
ras (MISC),2,MISC
kraemer (PER),2,PER
more (LOC),2,LOC
hess (PER),2,PER
hätten (LOC),2,LOC
bernhardt (PER),2,PER
svenska (MISC),2,MISC
and (PER),2,PER
sito (MISC),2,MISC
loi (LOC),2,LOC
penn (LOC),2,LOC
##ki (LOC),2,LOC
blackwell (ORG),2,ORG
ati (ORG),2,ORG
at (LOC),2,LOC
ima (MISC),2,MISC
##bai (LOC),2,LOC
xa (MISC),2,MISC
carabidae (PER),2,PER
rit (MISC),2,MISC
zu (LOC),2,LOC
##ov (PER),2,PER
##beri (MISC),2,MISC
paaby (PER),2,PER
##donaldmadden (PER),1,PER
occitan (MISC),1,MISC
unit (LOC),1,LOC
##one (ORG),1,ORG
lt (ORG),1,ORG
erat (MISC),1,MISC
canton vaud switzerland (LOC),1,LOC
yang (LOC),1,LOC
danske (MISC),1,MISC
##weden (LOC),1,LOC
license (MISC),1,MISC
##ley (PER),1,PER
##ver (LOC),1,LOC
veral (PER),1,PER
lua (LOC),1,LOC
zerland (ORG),1,ORG
lb (LOC),1,LOC
aust (PER),1,PER
ss (ORG),1,ORG
ear (PER),1,PER
leave (MISC),1,MISC
##thagora (PER),1,PER
ss (LOC),1,LOC
ren (PER),1,PER
man (MISC),1,MISC
##doiorge (MISC),1,MISC
becque (LOC),1,LOC
cn (MISC),1,MISC
google (MISC),1,MISC
dos (MISC),1,MISC
bang (LOC),1,LOC
niklas (PER),1,PER
##r (LOC),1,LOC
mese (MISC),1,MISC
vanschaycki (PER),1,PER
sherpa (LOC),1,LOC
avign (LOC),1,LOC
##rica (MISC),1,MISC
as (LOC),1,LOC
meier edward jr (PER),1,PER
köhle (PER),1,PER
af (MISC),1,MISC
##walski (PER),1,PER
slova (MISC),1,MISC
núñezavellaneda (LOC),1,LOC
##ladimí (PER),1,PER
dalleau (PER),1,PER
fondation (ORG),1,ORG
##world (LOC),1,LOC
##dal (LOC),1,LOC
##ptor (ORG),1,ORG
illas (LOC),1,LOC
##uerzburg (LOC),1,LOC
slova (LOC),1,LOC
##zambiq (LOC),1,LOC
kell (PER),1,PER
ez (MISC),1,MISC
vonholdt (PER),1,PER
noaa (LOC),1,LOC
##kow (PER),1,PER
slov (LOC),1,LOC
mozambique (LOC),1,LOC
falcon (ORG),1,ORG
##bique (LOC),1,LOC
bl (LOC),1,LOC
almeidaneto (PER),1,PER
bay (ORG),1,ORG
mag (LOC),1,LOC
landau (LOC),1,LOC
id (MISC),1,MISC
rio wol (LOC),1,LOC
arv (LOC),1,LOC
##guez münkemüller (PER),1,PER
kör (PER),1,PER
zermat (LOC),1,LOC
zermatt (LOC),1,LOC
gallien (PER),1,PER
##ünkemüller zur (PER),1,PER
carbon (PER),1,PER
abu (MISC),1,MISC
##wl (MISC),1,MISC
ili (MISC),1,MISC
mm (MISC),1,MISC
##kamoto (LOC),1,LOC
##su (LOC),1,LOC
jr jr jr jr jr jr (PER),1,PER
schrieb (PER),1,PER
amundsen (LOC),1,LOC
mohammed bin zayed nah (PER),1,PER
lema (PER),1,PER
pol verhulst (PER),1,PER
hou (LOC),1,LOC
##mena (MISC),1,MISC
ell (PER),1,PER
##jerdingstad (LOC),1,LOC
antine (ORG),1,ORG
wa (LOC),1,LOC
crash (MISC),1,MISC
##jørkvoll (LOC),1,LOC
pape (MISC),1,MISC
##bury (LOC),1,LOC
pre (MISC),1,MISC
##øbing (LOC),1,LOC
##ov j (PER),1,PER
##idorov (PER),1,PER
##biha (LOC),1,LOC
##mor (LOC),1,LOC
ent (ORG),1,ORG
##len (PER),1,PER
ol (ORG),1,ORG
hangzhou (LOC),1,LOC
santo (MISC),1,MISC
##hus (LOC),1,LOC
dansk (ORG),1,ORG
##jord (LOC),1,LOC
ring (LOC),1,LOC
##lora (MISC),1,MISC
##ing (LOC),1,LOC
##cques van al (PER),1,PER
jackman (PER),1,PER
tscheck (PER),1,PER
panama (LOC),1,LOC
##rgent van (PER),1,PER
##zel (PER),1,PER
##dall (PER),1,PER
ickowicz (PER),1,PER
tour (PER),1,PER
benvenuti (PER),1,PER
hel (MISC),1,MISC
bjørkvoll (LOC),1,LOC
edat (LOC),1,LOC
##now (MISC),1,MISC
out (LOC),1,LOC
bal (LOC),1,LOC
september (LOC),1,LOC
norske (MISC),1,MISC
fremstad (LOC),1,LOC
eisenberg (PER),1,PER
es (LOC),1,LOC
art (MISC),1,MISC
eva (MISC),1,MISC
##bauer (PER),1,PER
##ckemann (PER),1,PER
##roc (LOC),1,LOC
##rocław (LOC),1,LOC
klausmeier (PER),1,PER
rabinowitz (PER),1,PER
훼 (PER),1,PER
base (MISC),1,MISC
andscape (MISC),1,MISC
adler van (PER),1,PER
##mei (PER),1,PER
eg darwin (PER),1,PER
bonamou (PER),1,PER
ud (LOC),1,LOC
nera (MISC),1,MISC
eren (MISC),1,MISC
##fahan (LOC),1,LOC
serengeti (LOC),1,LOC
##man (PER),1,PER
yu (LOC),1,LOC
##jiang (LOC),1,LOC
##ner (PER),1,PER
pa (PER),1,PER
##rkeley (LOC),1,LOC
au (MISC),1,MISC
p (PER),1,PER
char (PER),1,PER
##no (MISC),1,MISC
spons (MISC),1,MISC
##l (LOC),1,LOC
##ott th (PER),1,PER
tra (MISC),1,MISC
##gas (PER),1,PER
lion (PER),1,PER
##ikos (MISC),1,MISC
islamabad (LOC),1,LOC
z (MISC),1,MISC
makana (LOC),1,LOC
trati (PER),1,PER
##africa (LOC),1,LOC
bufford daehler (PER),1,PER
daehler (PER),1,PER
##hor (MISC),1,MISC
antoine lavoisier (PER),1,PER
lank (MISC),1,MISC
##ub (MISC),1,MISC
pan (LOC),1,LOC
##va (PER),1,PER
##braltar (LOC),1,LOC
rio martine (LOC),1,LOC
##öhme (PER),1,PER
barrios (PER),1,PER
out (MISC),1,MISC
adam vanbergen (PER),1,PER
bourak (LOC),1,LOC
bou (LOC),1,LOC
##ll ausserrhoden (LOC),1,LOC
placer (LOC),1,LOC
hall (PER),1,PER
##cke (PER),1,PER
fa (LOC),1,LOC
pari (MISC),1,MISC
roossinck (PER),1,PER
##slevel (LOC),1,LOC
weill (PER),1,PER
##vel (PER),1,PER
##sle (MISC),1,MISC
ten (MISC),1,MISC
##between (PER),1,PER
in (PER),1,PER
licable (MISC),1,MISC
dwyer (PER),1,PER
str (MISC),1,MISC
rose (PER),1,PER
rose (LOC),1,LOC
andro (PER),1,PER
ommon (MISC),1,MISC
tabarka (LOC),1,LOC
##öb (PER),1,PER
české (LOC),1,LOC
ung (MISC),1,MISC
francesi (PER),1,PER
##øndahl (PER),1,PER
##inte (MISC),1,MISC
alb (LOC),1,LOC
##vi (PER),1,PER
mu (PER),1,PER
mat (MISC),1,MISC
u (PER),1,PER
ibi (MISC),1,MISC
tun (MISC),1,MISC
##yrenee (LOC),1,LOC
##kinson (LOC),1,LOC
tackenberg dhondt (PER),1,PER
scale (MISC),1,MISC
ill (PER),1,PER
##dt hoffmann (PER),1,PER
ta (PER),1,PER
som it (PER),1,PER
ne (PER),1,PER
##cca (MISC),1,MISC
peterson (PER),1,PER
##roix (LOC),1,LOC
##ammed bin zayed nah (PER),1,PER
henry devaux (PER),1,PER
##ncio (LOC),1,LOC
nou (LOC),1,LOC
reda (MISC),1,MISC
##bet (MISC),1,MISC
##s (PER),1,PER
##et (ORG),1,ORG
bass (MISC),1,MISC
##wissprot (MISC),1,MISC
##ker (LOC),1,LOC
##ère (LOC),1,LOC
indo australia (LOC),1,LOC
mann whitney (PER),1,PER
yn (MISC),1,MISC
salon (LOC),1,LOC
benne (LOC),1,LOC
dob (PER),1,PER
seluanov (PER),1,PER
guten (ORG),1,ORG
ler (MISC),1,MISC
dwy (PER),1,PER
larvae (MISC),1,MISC
pop (PER),1,PER
##hof (PER),1,PER
pre (PER),1,PER
##z dupoué (PER),1,PER
jacquin (PER),1,PER
ob (MISC),1,MISC
université pari (LOC),1,LOC
klingenberg (PER),1,PER
olympus (MISC),1,MISC
nt (LOC),1,LOC
##gece (MISC),1,MISC
rap (LOC),1,LOC
##annock (LOC),1,LOC
dros (MISC),1,MISC
##ver (MISC),1,MISC
##a (PER),1,PER
api (MISC),1,MISC
ze (LOC),1,LOC
bou (ORG),1,ORG
fr (LOC),1,LOC
mö (PER),1,PER
berger (PER),1,PER
rebel (MISC),1,MISC
##burg (LOC),1,LOC
##vik (LOC),1,LOC
rouz (PER),1,PER
##ïs (PER),1,PER
##él (PER),1,PER
##burgh (PER),1,PER
v (MISC),1,MISC
lac (PER),1,PER
robovsky (PER),1,PER
##na (LOC),1,LOC
heer (LOC),1,LOC
río plata (LOC),1,LOC
entering (LOC),1,LOC
woj (MISC),1,MISC
##niewicz (PER),1,PER
##tto (LOC),1,LOC
vijendravarma (PER),1,PER
##øy (LOC),1,LOC
pet (PER),1,PER
ear (MISC),1,MISC
benjamini (PER),1,PER
cruz (LOC),1,LOC
galápagos (LOC),1,LOC
baltra (LOC),1,LOC
##iru (MISC),1,MISC
##vereva (LOC),1,LOC
##va (LOC),1,LOC
dem (PER),1,PER
##ourgognehalsci (ORG),1,ORG
goles (LOC),1,LOC
##rov (PER),1,PER
rico (LOC),1,LOC
olsson (PER),1,PER
nak (MISC),1,MISC
##guin (MISC),1,MISC
r (PER),1,PER
har (MISC),1,MISC
heidelberg (PER),1,PER
lande (PER),1,PER
mart (PER),1,PER
cheverud (MISC),1,MISC
##vaux (PER),1,PER
##lić ve (PER),1,PER
tome (LOC),1,LOC
jean david (PER),1,PER
na (LOC),1,LOC
okinawan (LOC),1,LOC
hee (LOC),1,LOC
log (MISC),1,MISC
santa cruz (LOC),1,LOC
vanho (PER),1,PER
predator (MISC),1,MISC
ff (PER),1,PER
ori (MISC),1,MISC
fie (PER),1,PER
mag (MISC),1,MISC
##ckmate (MISC),1,MISC
mini (MISC),1,MISC
ewi (MISC),1,MISC
##egger (PER),1,PER
holder (PER),1,PER
ak (PER),1,PER
laitinen (PER),1,PER
zurbuch (LOC),1,LOC
a (MISC),1,MISC
##wart (PER),1,PER
ph (MISC),1,MISC
##iorge (MISC),1,MISC
lan (LOC),1,LOC
##ique (LOC),1,LOC
##roni (ORG),1,ORG
##fer (MISC),1,MISC
kullenberg (PER),1,PER
ef (ORG),1,ORG
tanda (MISC),1,MISC
##bert valla (PER),1,PER
wiley son (PER),1,PER
##schke (PER),1,PER
je (MISC),1,MISC
engl (MISC),1,MISC
##germann (PER),1,PER
##hauer (PER),1,PER
##aå (LOC),1,LOC
ellen (PER),1,PER
rio sa (LOC),1,LOC
ydenberg (PER),1,PER
##pé (LOC),1,LOC
##sler (LOC),1,LOC
ak (MISC),1,MISC
toi (MISC),1,MISC
dehnhard sa (PER),1,PER
erson hawley pytkowicz (PER),1,PER
mph (MISC),1,MISC
leto (MISC),1,MISC
##as (ORG),1,ORG
strasbourg (ORG),1,ORG
nitoring (MISC),1,MISC
lys (PER),1,PER
##xon (MISC),1,MISC
se (ORG),1,ORG
##va (MISC),1,MISC
##aja (MISC),1,MISC
gu (MISC),1,MISC
##yama (PER),1,PER
jam (MISC),1,MISC
franc (MISC),1,MISC
##jedal (LOC),1,LOC
##rk (LOC),1,LOC
nam (LOC),1,LOC
##rkjedal (LOC),1,LOC
iko (LOC),1,LOC
##j (PER),1,PER
##comdoiece (LOC),1,LOC
algiers (LOC),1,LOC
brass (MISC),1,MISC
or (MISC),1,MISC
rin (LOC),1,LOC
ellen (LOC),1,LOC
##gea (LOC),1,LOC
ae (LOC),1,LOC
oa (MISC),1,MISC
hr (LOC),1,LOC
##dez (LOC),1,LOC
th (MISC),1,MISC
parc naturel régional brenne obter (LOC),1,LOC
##kherjee bhatnagar (PER),1,PER
##wijk (PER),1,PER
nt (ORG),1,ORG
call (MISC),1,MISC
hr (PER),1,PER
houlah (LOC),1,LOC
pecie (LOC),1,LOC
##ga (LOC),1,LOC
kin (LOC),1,LOC
lat (LOC),1,LOC
dite (MISC),1,MISC
lackwell (ORG),1,ORG
saint (LOC),1,LOC
##eb (MISC),1,MISC
##uh (MISC),1,MISC
mo (MISC),1,MISC
##eb (PER),1,PER
mo (PER),1,PER
bel (MISC),1,MISC
##khir (MISC),1,MISC
ml (MISC),1,MISC
##edi (MISC),1,MISC
gan (LOC),1,LOC
ele (PER),1,PER
##malt (PER),1,PER
pt (MISC),1,MISC
##erface (MISC),1,MISC
but (LOC),1,LOC
adélie (PER),1,PER
bryden (PER),1,PER
aj (MISC),1,MISC
d휏 (LOC),1,LOC
github (MISC),1,MISC
ele (MISC),1,MISC
agence nationale recherche (ORG),1,ORG
ac (LOC),1,LOC
##ëlle ro (PER),1,PER
tiplex (MISC),1,MISC
##bégné (LOC),1,LOC
math (LOC),1,LOC
##viaur (LOC),1,LOC
pia (LOC),1,LOC
supérieur recherche scientifique (ORG),1,ORG
un (PER),1,PER
##em (LOC),1,LOC
##anhaem (LOC),1,LOC
ni (PER),1,PER
mini (PER),1,PER
vare (MISC),1,MISC
con (ORG),1,ORG
nez lebre (PER),1,PER
grass (LOC),1,LOC
cea (MISC),1,MISC
kongsfjorden (LOC),1,LOC
bradbury (LOC),1,LOC
##kou (LOC),1,LOC
renneville (PER),1,PER
sy (PER),1,PER
renn (LOC),1,LOC
##gonzalez (LOC),1,LOC
##baai (LOC),1,LOC
pola (LOC),1,LOC
aleksandra walczyńska (PER),1,PER
##km (MISC),1,MISC
giebelhausen (LOC),1,LOC
##ge su yajima (PER),1,PER
##ka (ORG),1,ORG
##eg (MISC),1,MISC
ad (ORG),1,ORG
van der spoel (PER),1,PER
##via (LOC),1,LOC
exander (MISC),1,MISC
kosciuszko (LOC),1,LOC
boja (MISC),1,MISC
##eauroux (LOC),1,LOC
chat (LOC),1,LOC
spons (LOC),1,LOC
##nam (LOC),1,LOC
##yeongnam (LOC),1,LOC
jej (LOC),1,LOC
spitsbergen (PER),1,PER
##eyer (PER),1,PER
río negro (LOC),1,LOC
musée national dhistoire naturelle (LOC),1,LOC
##nee (LOC),1,LOC
nagy (LOC),1,LOC
##ées (LOC),1,LOC
parc naturel régional (LOC),1,LOC
##ourdea (PER),1,PER
ab (MISC),1,MISC
sing (MISC),1,MISC
eri (LOC),1,LOC
##ø (MISC),1,MISC
ltd (MISC),1,MISC
d (MISC),1,MISC
##iec (LOC),1,LOC
##weinsberg (LOC),1,LOC
##pierre (LOC),1,LOC
##chwein (LOC),1,LOC
bra (LOC),1,LOC
##mno (LOC),1,LOC
ass (MISC),1,MISC
westeberhard (PER),1,PER
caledonia (LOC),1,LOC
nagaud (LOC),1,LOC
dagascan (LOC),1,LOC
gonarezhou (LOC),1,LOC
diel (PER),1,PER
##narezhou (LOC),1,LOC
gece (MISC),1,MISC
easterbrook (LOC),1,LOC
hör (LOC),1,LOC
##yre (LOC),1,LOC
parc naturel régional pyrénées ariégeoises (LOC),1,LOC
##zi (LOC),1,LOC
zulling (PER),1,PER
fra (LOC),1,LOC
##gai (PER),1,PER
ep (LOC),1,LOC
banyuls (MISC),1,MISC
royle (PER),1,PER
##do (MISC),1,MISC
seu (MISC),1,MISC
##nte (ORG),1,ORG
lu (LOC),1,LOC
carval (PER),1,PER
hang (PER),1,PER
hansen mensberg (PER),1,PER
ph (LOC),1,LOC
cambodia (LOC),1,LOC
ish (LOC),1,LOC
phnom kulen (LOC),1,LOC
##zkiewicz (PER),1,PER
nl (MISC),1,MISC
breton (MISC),1,MISC
zaitsev mamaev (PER),1,PER
basque (LOC),1,LOC
ty (LOC),1,LOC
##teauvillain (LOC),1,LOC
â (LOC),1,LOC
gomper (PER),1,PER
##pur (LOC),1,LOC
wanson (PER),1,PER
musée royal lafrique (LOC),1,LOC
##jel (LOC),1,LOC
evo (MISC),1,MISC
##zukii (PER),1,PER
##heim (LOC),1,LOC
malpelo (LOC),1,LOC
##me (MISC),1,MISC
bo (MISC),1,MISC
musée (LOC),1,LOC
real (LOC),1,LOC
gauss (PER),1,PER
kole (LOC),1,LOC
bergstrom (PER),1,PER
##n par (PER),1,PER
mau (LOC),1,LOC
hele (MISC),1,MISC
suzukii (PER),1,PER
su (MISC),1,MISC
ag (LOC),1,LOC
##zález (PER),1,PER
wie (PER),1,PER
bol (LOC),1,LOC
ø (LOC),1,LOC
rooy (PER),1,PER
ien (PER),1,PER
##n heidelberg (PER),1,PER
##donald werner (PER),1,PER
##bet (PER),1,PER
sz (MISC),1,MISC
ukr (MISC),1,MISC
ѵo (MISC),1,MISC
##tai (LOC),1,LOC
vale (MISC),1,MISC
cho (MISC),1,MISC
online (MISC),1,MISC
río tobner (LOC),1,LOC
fred (PER),1,PER
##kijärvi (LOC),1,LOC
pu (LOC),1,LOC
kas (LOC),1,LOC
##järvi (LOC),1,LOC
berg (LOC),1,LOC
jo (LOC),1,LOC
ich (LOC),1,LOC
dal (LOC),1,LOC
##lheim (LOC),1,LOC
dati (PER),1,PER
osenberg (PER),1,PER
lation (ORG),1,ORG
pepke eisenberg (PER),1,PER
httpsdoiorge (MISC),1,MISC
jagsui (MISC),1,MISC
##varnström (LOC),1,LOC
lid (MISC),1,MISC
norma (LOC),1,LOC
vanpé (PER),1,PER
gr (LOC),1,LOC
##bsfjord (LOC),1,LOC
sejr (LOC),1,LOC
##rol (LOC),1,LOC
chess (PER),1,PER
kam (PER),1,PER
kambach (PER),1,PER
ca (MISC),1,MISC
##agg (LOC),1,LOC
nito (MISC),1,MISC
perder (PER),1,PER
palm (LOC),1,LOC
ad (MISC),1,MISC
do (MISC),1,MISC
wickham (MISC),1,MISC
angol (LOC),1,LOC
uvaro (PER),1,PER
i (PER),1,PER
gi (PER),1,PER
rien (MISC),1,MISC
butterfly (MISC),1,MISC
dir (LOC),1,LOC
vene (LOC),1,LOC
m (ORG),1,ORG
ms (MISC),1,MISC
ga (MISC),1,MISC
ll (LOC),1,LOC
##gjia (LOC),1,LOC
hal (PER),1,PER
agence (ORG),1,ORG
##ang (LOC),1,LOC
kör (LOC),1,LOC
langtang (LOC),1,LOC
langt (LOC),1,LOC
dle (LOC),1,LOC
pe (LOC),1,LOC
sec (MISC),1,MISC
hoch (PER),1,PER
cz (LOC),1,LOC
take (LOC),1,LOC
eden (ORG),1,ORG
nic (LOC),1,LOC
##pson (PER),1,PER
iver (ORG),1,ORG
##nau bhattacharjee (PER),1,PER
bhattacharjee (PER),1,PER
##kland (LOC),1,LOC
term (MISC),1,MISC
##hitney (LOC),1,LOC
##w (LOC),1,LOC
ko (LOC),1,LOC
ta (MISC),1,MISC
breiten (LOC),1,LOC
mouri (MISC),1,MISC
allen (MISC),1,MISC
von holdt (PER),1,PER
ation (MISC),1,MISC
amo (MISC),1,MISC
taj (LOC),1,LOC
ethod (ORG),1,ORG
##stad (PER),1,PER
f (PER),1,PER
##jer (LOC),1,LOC
##sion (ORG),1,ORG
a (ORG),1,ORG
bernstein bernstein (PER),1,PER
##ech (LOC),1,LOC
bag (PER),1,PER
mina (MISC),1,MISC
münkem (PER),1,PER
gall (LOC),1,LOC
gar (MISC),1,MISC
galland van der put (PER),1,PER
##vaalen (LOC),1,LOC
says (PER),1,PER
fondation recherche biodiversité (ORG),1,ORG
##v (LOC),1,LOC
pyrenee (LOC),1,LOC
path (MISC),1,MISC
##lo (LOC),1,LOC
for (LOC),1,LOC
##well (PER),1,PER
##chabamba (LOC),1,LOC
##bamba (LOC),1,LOC
boss (PER),1,PER
udier van steensel (PER),1,PER
ac (ORG),1,ORG
ion (ORG),1,ORG
tierra del fuego (LOC),1,LOC
ex (LOC),1,LOC
##outside (LOC),1,LOC
beneath (LOC),1,LOC
michael kuhlmann (PER),1,PER
toussaint (ORG),1,ORG
kristensen (PER),1,PER
ging (MISC),1,MISC
ren (MISC),1,MISC
coll (LOC),1,LOC
cand (MISC),1,MISC
tack (MISC),1,MISC
##fsdóttir (LOC),1,LOC
fer (LOC),1,LOC
az (PER),1,PER
##evedo (PER),1,PER
bas (PER),1,PER
##lerousseau (PER),1,PER
bornholm (LOC),1,LOC
hat (MISC),1,MISC
idi (MISC),1,MISC
row (PER),1,PER
vel (MISC),1,MISC
##usseau (PER),1,PER
ista (MISC),1,MISC
qu (LOC),1,LOC
minne (LOC),1,LOC
get (LOC),1,LOC
##mura (LOC),1,LOC
fick hijmans (PER),1,PER
##ckerberg (PER),1,PER
son (MISC),1,MISC
mil (PER),1,PER
toulouse (LOC),1,LOC
##beri (LOC),1,LOC
ontinued (MISC),1,MISC
##myev (PER),1,PER
hall (MISC),1,MISC
##fors (MISC),1,MISC
##on (MISC),1,MISC
cricket (MISC),1,MISC
##betqinghai (LOC),1,LOC
kuzyakov raza (PER),1,PER
##thera leo (MISC),1,MISC
##orus (MISC),1,MISC
fuhr (PER),1,PER
##jnsdorp (LOC),1,LOC
##ide (PER),1,PER
osi (MISC),1,MISC
th (LOC),1,LOC
maziarz (LOC),1,LOC
all (PER),1,PER
lez (LOC),1,LOC
park (LOC),1,LOC
fu (MISC),1,MISC
neave (PER),1,PER
harr (LOC),1,LOC
che (MISC),1,MISC
sy (LOC),1,LOC
tha (MISC),1,MISC
##le (MISC),1,MISC
kofler schlötterer (PER),1,PER
godinho (PER),1,PER
##é weill magalhães (PER),1,PER
tar (MISC),1,MISC
ssa (ORG),1,ORG
##ian (MISC),1,MISC
zimmermann (PER),1,PER
##feld (PER),1,PER
##uët (LOC),1,LOC
##él (LOC),1,LOC
kl (LOC),1,LOC
##ärmland (LOC),1,LOC
cos (MISC),1,MISC
nos (MISC),1,MISC
##undsen (LOC),1,LOC
##ébault (LOC),1,LOC
##stein (PER),1,PER
##hlenbeck (PER),1,PER
hansen (PER),1,PER
##beck (PER),1,PER
fr (ORG),1,ORG
ackwell (ORG),1,ORG
nario (MISC),1,MISC
cology (MISC),1,MISC
##vicencio (LOC),1,LOC
itt (PER),1,PER
##wald greifswald (LOC),1,LOC
##fswald (LOC),1,LOC
mar (LOC),1,LOC
ait (MISC),1,MISC
tar (PER),1,PER
michez van (PER),1,PER
lhomme pari (LOC),1,LOC
bernhardsson (PER),1,PER
thebault (PER),1,PER
ganem (LOC),1,LOC
##ppen (LOC),1,LOC
huelsenbeck (PER),1,PER
##nda (LOC),1,LOC
##counda (LOC),1,LOC
##ba (LOC),1,LOC
##édougou (LOC),1,LOC
kounosu (PER),1,PER
dot (MISC),1,MISC
kearney (PER),1,PER
non (LOC),1,LOC
##chus (LOC),1,LOC
jönsson (PER),1,PER
kon (MISC),1,MISC
mir (PER),1,PER
##ljana (LOC),1,LOC
cz (MISC),1,MISC
##lja (LOC),1,LOC
silver (LOC),1,LOC
sut (LOC),1,LOC
##raj (PER),1,PER
##jayaraj (PER),1,PER
tem (LOC),1,LOC
lhe (LOC),1,LOC
##well (ORG),1,ORG
erg (LOC),1,LOC
dom (PER),1,PER
no (MISC),1,MISC
ott (LOC),1,LOC
tscharntke (PER),1,PER
ottawa (LOC),1,LOC
li (MISC),1,MISC
java (MISC),1,MISC
keiser (PER),1,PER
suzhou (ORG),1,ORG
hee (PER),1,PER
jim (LOC),1,LOC
terms (MISC),1,MISC
µm (LOC),1,LOC
ó (MISC),1,MISC
slov (MISC),1,MISC
š (PER),1,PER
##ler schlötter (PER),1,PER
izin (MISC),1,MISC
wi (MISC),1,MISC
##nihol (MISC),1,MISC
makerere (LOC),1,LOC
##nis (PER),1,PER
libri (MISC),1,MISC
tem (MISC),1,MISC
##pää (LOC),1,LOC
tat (LOC),1,LOC
##chran (PER),1,PER
op (LOC),1,LOC
y (LOC),1,LOC
rocedure (PER),1,PER
davy van da (PER),1,PER
hang (MISC),1,MISC
eibull (PER),1,PER
ministère decologie développement durable (ORG),1,ORG
##gaard zabel (LOC),1,LOC
rin (MISC),1,MISC
ro (LOC),1,LOC
##am (PER),1,PER
entre (MISC),1,MISC
##vest (MISC),1,MISC
wa (PER),1,PER
vation (PER),1,PER
ville (PER),1,PER
trong (MISC),1,MISC
lua (MISC),1,MISC
cat (MISC),1,MISC
heino pe (PER),1,PER
ten (PER),1,PER
##chtbauer (ORG),1,ORG
borenstein (PER),1,PER
west (MISC),1,MISC
dwa (ORG),1,ORG
##ing (MISC),1,MISC
ell (MISC),1,MISC
pen (MISC),1,MISC
xe (MISC),1,MISC
hanno (MISC),1,MISC
río yachi (LOC),1,LOC
río dolezal (LOC),1,LOC
río dolez (LOC),1,LOC
##jmeijer (LOC),1,LOC
##ka (LOC),1,LOC
méditerranée (LOC),1,LOC
lehikoinen (LOC),1,LOC
hobson (PER),1,PER
il (LOC),1,LOC
mati (LOC),1,LOC
tudi (MISC),1,MISC
bernstein (PER),1,PER
##ffendorfer (PER),1,PER
du (LOC),1,LOC
##yev (PER),1,PER
asing (LOC),1,LOC
ede (LOC),1,LOC
t (PER),1,PER
##val (LOC),1,LOC
februar (PER),1,PER
##an (PER),1,PER
sente (MISC),1,MISC
##ld (PER),1,PER
b (MISC),1,MISC
##ckstein (PER),1,PER
eckstein (PER),1,PER
zati (PER),1,PER
had (LOC),1,LOC
##kouma (LOC),1,LOC
##rni (LOC),1,LOC
carabidae (ORG),1,ORG
##arntke (PER),1,PER
ras (LOC),1,LOC
u (ORG),1,ORG
arnold (PER),1,PER
##do (PER),1,PER
ani (PER),1,PER
reed (MISC),1,MISC
stock (LOC),1,LOC
białowie (LOC),1,LOC
trong (PER),1,PER
nu (MISC),1,MISC
##f (PER),1,PER
ko (PER),1,PER
pe (PER),1,PER
##km (PER),1,PER
ha (MISC),1,MISC
eut (MISC),1,MISC
grosbois tavecchia (PER),1,PER
eberhardt (PER),1,PER
erhardt (PER),1,PER
caughley eberhardt (PER),1,PER
ers (PER),1,PER
##odo (MISC),1,MISC
trai (MISC),1,MISC
##work (MISC),1,MISC
thompson (PER),1,PER
leibold (PER),1,PER
pula (MISC),1,MISC
mil (LOC),1,LOC
gonzalez loreau (PER),1,PER
##ann (PER),1,PER
##eechbirch (LOC),1,LOC
##leb (LOC),1,LOC
map (LOC),1,LOC
b (PER),1,PER
##gel (MISC),1,MISC
or (PER),1,PER
ity (MISC),1,MISC
did (MISC),1,MISC
iz (MISC),1,MISC
##rneau (PER),1,PER
ecysuppinfo (MISC),1,MISC
schweitzer (PER),1,PER
r (LOC),1,LOC
##olina (LOC),1,LOC
euler (PER),1,PER
was (PER),1,PER
##r (PER),1,PER
zell (PER),1,PER
cross (MISC),1,MISC
##üncheberg (LOC),1,LOC
##berswalde (LOC),1,LOC
australes antar (LOC),1,LOC
steidinger (PER),1,PER
roce (PER),1,PER
nes (MISC),1,MISC
mac (PER),1,PER
edium (MISC),1,MISC
robe (PER),1,PER
##son (MISC),1,MISC
ata (MISC),1,MISC
sona (MISC),1,MISC
##inselberg (LOC),1,LOC
##ues (LOC),1,LOC
dra (PER),1,PER
logic (MISC),1,MISC
dhon (PER),1,PER
evel (MISC),1,MISC
##jermann (PER),1,PER
pulation (ORG),1,ORG
sea (MISC),1,MISC
##n (LOC),1,LOC
iameter (PER),1,PER
##brate (MISC),1,MISC
servedio boughman (PER),1,PER
##baran (LOC),1,LOC
tar (LOC),1,LOC
##abehrmann (PER),1,PER
##bu (PER),1,PER
no (PER),1,PER
ning (MISC),1,MISC
lav (PER),1,PER
ee (LOC),1,LOC
sua (MISC),1,MISC
elerometer (MISC),1,MISC
ces (MISC),1,MISC
##man (LOC),1,LOC
##rigue (PER),1,PER
mari (PER),1,PER
lehman (PER),1,PER
petegem wei lehman (PER),1,PER
will (PER),1,PER
vide (MISC),1,MISC
##willmann (PER),1,PER
##jellberg (PER),1,PER
kjellberg (PER),1,PER
##eler (MISC),1,MISC
cc (MISC),1,MISC
nim (MISC),1,MISC
vis (MISC),1,MISC
tarp (LOC),1,LOC
nga (MISC),1,MISC
##u (LOC),1,LOC
eat (LOC),1,LOC
##rez (PER),1,PER
##bras (LOC),1,LOC
suom (MISC),1,MISC
dahlberg (PER),1,PER
here (PER),1,PER
##ästmanland (LOC),1,LOC
muller (LOC),1,LOC
library (MISC),1,MISC
shelley arnott (PER),1,PER
##lon (LOC),1,LOC
cop (LOC),1,LOC
lt (LOC),1,LOC
barataud (PER),1,PER
ku (MISC),1,MISC
paris (ORG),1,ORG
ö (PER),1,PER
pol (MISC),1,MISC
ar (MISC),1,MISC
hari (MISC),1,MISC
ji (LOC),1,LOC
ano (PER),1,PER
jiang ku (PER),1,PER
edi (LOC),1,LOC
nikolaev (PER),1,PER
nikolaev nicolayev (PER),1,PER
mayo (LOC),1,LOC
##ynesia (LOC),1,LOC
arv (MISC),1,MISC
veg (MISC),1,MISC
##fand (LOC),1,LOC
##pon (MISC),1,MISC
é (MISC),1,MISC
nag (MISC),1,MISC
wo (LOC),1,LOC
corsi (LOC),1,LOC
fi (LOC),1,LOC
poi (LOC),1,LOC
ers (LOC),1,LOC
owstone (LOC),1,LOC
namibi (LOC),1,LOC
##wa (LOC),1,LOC
tien (LOC),1,LOC
mortal (MISC),1,MISC
ler (LOC),1,LOC
##win (LOC),1,LOC
bou (PER),1,PER
font (LOC),1,LOC
gula (LOC),1,LOC
ex (MISC),1,MISC
sinn (LOC),1,LOC
national (ORG),1,ORG
sm (MISC),1,MISC
tier (MISC),1,MISC
tahiti (LOC),1,LOC
lati (PER),1,PER
##e française (LOC),1,LOC
kuznetsov (PER),1,PER
eli (PER),1,PER
##ek (PER),1,PER
kumordzi (LOC),1,LOC
eview (MISC),1,MISC
##southwest (LOC),1,LOC
alles (MISC),1,MISC
kvernvik (LOC),1,LOC
lid (LOC),1,LOC
##ikiqtarjuaq (LOC),1,LOC
##vernvik (LOC),1,LOC
gan (MISC),1,MISC
fondation recherche biodiversite (ORG),1,ORG
mula (LOC),1,LOC
unisol (ORG),1,ORG
vedriven (LOC),1,LOC
##as (LOC),1,LOC
##ynésie française (ORG),1,ORG
andreas schuldt (PER),1,PER
lamersdorf (PER),1,PER
un (LOC),1,LOC
ina (MISC),1,MISC
dan (MISC),1,MISC
dan (LOC),1,LOC
po (MISC),1,MISC
chu (PER),1,PER
##bh (MISC),1,MISC
lie (MISC),1,MISC
nden (LOC),1,LOC
##mynowski (PER),1,PER
ah (LOC),1,LOC
##ro (MISC),1,MISC
ai (PER),1,PER
##athclyde (LOC),1,LOC
##énéguy (LOC),1,LOC
##zopard (PER),1,PER
##tage (MISC),1,MISC
ever (MISC),1,MISC
garibaldi (PER),1,PER
antos martín (PER),1,PER
##holm (PER),1,PER
uma (MISC),1,MISC
kloppenburg jr (PER),1,PER
hol (MISC),1,MISC
berthefriedberg (PER),1,PER
hende (PER),1,PER
##vian (MISC),1,MISC
##dina (MISC),1,MISC
##can (MISC),1,MISC
eberstadt (LOC),1,LOC
##aikurnai (LOC),1,LOC
gun (LOC),1,LOC
##sitohaina (LOC),1,LOC
##riat (LOC),1,LOC
jarosz wiley (PER),1,PER
##emann (PER),1,PER
##adi (MISC),1,MISC
##kowski (PER),1,PER
##itz (PER),1,PER
##eira (LOC),1,LOC
monterey (LOC),1,LOC
##doiorg (MISC),1,MISC
##l (ORG),1,ORG
ise (MISC),1,MISC
##nco (MISC),1,MISC
pez (MISC),1,MISC
##wana (LOC),1,LOC
ari (ORG),1,ORG
río mariño (LOC),1,LOC
der (PER),1,PER
flaherty (PER),1,PER
art (PER),1,PER
stellen (LOC),1,LOC
##rstenbosch (LOC),1,LOC
##bosch (LOC),1,LOC
##dag (LOC),1,LOC
##dagasca (MISC),1,MISC
ma (MISC),1,MISC
van der wolf (PER),1,PER
vento (MISC),1,MISC
sultana (PER),1,PER
##low (PER),1,PER
##joki (LOC),1,LOC
ver (PER),1,PER
nom (MISC),1,MISC
gie (LOC),1,LOC
##khtu (LOC),1,LOC
en (LOC),1,LOC
neo (PER),1,PER
lt (PER),1,PER
##pe (LOC),1,LOC
mae (LOC),1,LOC
ve (PER),1,PER
dis (MISC),1,MISC
ministère (ORG),1,ORG
białowieża (LOC),1,LOC
axman (MISC),1,MISC
ce (LOC),1,LOC
frei (PER),1,PER
for (ORG),1,ORG
##ün (LOC),1,LOC
##ünster münster (LOC),1,LOC
gas (PER),1,PER
ø (PER),1,PER
##moto (PER),1,PER
lama (MISC),1,MISC
##kokoua (LOC),1,LOC
romani (LOC),1,LOC
ville (MISC),1,MISC
finn (MISC),1,MISC
era (MISC),1,MISC
ming (MISC),1,MISC
montsegur (LOC),1,LOC
vanreusel (PER),1,PER
hanssenbauer (PER),1,PER
##uria (LOC),1,LOC
eptor (MISC),1,MISC
ji (MISC),1,MISC
werkowska (PER),1,PER
duce (MISC),1,MISC
##pierre (PER),1,PER
##ik (LOC),1,LOC
##ham (PER),1,PER
##sper jan (PER),1,PER
tok (MISC),1,MISC
mert (PER),1,PER
##ingu (MISC),1,MISC
c (PER),1,PER
ved (LOC),1,LOC
ission (ORG),1,ORG
icate (MISC),1,MISC
##sen (ORG),1,ORG
zevenbergen (LOC),1,LOC
osen (LOC),1,LOC
grego (PER),1,PER
##lyonhalsci (ORG),1,ORG
ich (MISC),1,MISC
azt (MISC),1,MISC
##wley (PER),1,PER
fa (ORG),1,ORG
##undsen (PER),1,PER
rus (MISC),1,MISC
kn (PER),1,PER
hartig (MISC),1,MISC
bonferroni (PER),1,PER
##z maréchaux (PER),1,PER
##hlsjö (LOC),1,LOC
ackage bürkner (PER),1,PER
egative (MISC),1,MISC
kleynen (PER),1,PER
jen (LOC),1,LOC
las (ORG),1,ORG
jassey (PER),1,PER
##lu (LOC),1,LOC
alb (MISC),1,MISC
jaworski (PER),1,PER
col (MISC),1,MISC
ros (MISC),1,MISC
inn (MISC),1,MISC
bauhus loreau (PER),1,PER
##com (ORG),1,ORG
jannawambsganssg (ORG),1,ORG
alysis (MISC),1,MISC
esse (MISC),1,MISC
##ezalfaro saatkamp (PER),1,PER
##emüller (LOC),1,LOC
dawki (PER),1,PER
näsholm (PER),1,PER
van der sande (PER),1,PER
abel (PER),1,PER
pm (ORG),1,ORG
##ègne (LOC),1,LOC
icke (MISC),1,MISC
er (PER),1,PER
hou (PER),1,PER
ond (MISC),1,MISC
mccormack (ORG),1,ORG
hattenschwiler schweitzer (PER),1,PER
##schwil (LOC),1,LOC
ten (LOC),1,LOC
response (MISC),1,MISC
ono (MISC),1,MISC
broussonet (LOC),1,LOC
com (LOC),1,LOC
pese (MISC),1,MISC
ewald (PER),1,PER
##ieddinne niem (LOC),1,LOC
moh (LOC),1,LOC
ave (MISC),1,MISC
##iforn (LOC),1,LOC
iba (LOC),1,LOC
##lvania (LOC),1,LOC
far (MISC),1,MISC
ap (LOC),1,LOC
##itzler (PER),1,PER
##herley (LOC),1,LOC
ology (MISC),1,MISC
osi (LOC),1,LOC
mala (LOC),1,LOC
rubach (PER),1,PER
##mukherjee (PER),1,PER
ray (PER),1,PER
##hu (LOC),1,LOC
mun (MISC),1,MISC
##olstad (LOC),1,LOC
vi (MISC),1,MISC
em (ORG),1,ORG
op (ORG),1,ORG
tu (PER),1,PER
sus (MISC),1,MISC
##sca (MISC),1,MISC
préfecture (LOC),1,LOC
##é (PER),1,PER
##strom (PER),1,PER
hp (MISC),1,MISC
bundan (MISC),1,MISC
##kenzie (LOC),1,LOC
mac (LOC),1,LOC
ß (MISC),1,MISC
etweent (MISC),1,MISC
emale (MISC),1,MISC
##ürzburg (LOC),1,LOC
b (ORG),1,ORG
bun (PER),1,PER
euro (ORG),1,ORG
ala (LOC),1,LOC
##asbourg (LOC),1,LOC
eted (ORG),1,ORG
stras (ORG),1,ORG
car (MISC),1,MISC
tud (LOC),1,LOC
vanstraelen (PER),1,PER
verhe (PER),1,PER
##cker (MISC),1,MISC
debe (MISC),1,MISC
figueiredo (PER),1,PER
les (PER),1,PER
zur (PER),1,PER
##gaard (PER),1,PER
iso (MISC),1,MISC
data (MISC),1,MISC
ise (ORG),1,ORG
visse (MISC),1,MISC
ya (MISC),1,MISC
##jön (LOC),1,LOC
gh (MISC),1,MISC
da (MISC),1,MISC
##jerøy (LOC),1,LOC
##rud (LOC),1,LOC
ba (LOC),1,LOC
##bara (LOC),1,LOC
mouse (MISC),1,MISC
wit (LOC),1,LOC
bo (LOC),1,LOC
meu (LOC),1,LOC
ecol (MISC),1,MISC
trati (LOC),1,LOC
##hire (LOC),1,LOC
##ale (MISC),1,MISC
mbi (MISC),1,MISC
##dingstad (LOC),1,LOC
pau (PER),1,PER
berlin heidelberg (PER),1,PER
riu (MISC),1,MISC
ropa (MISC),1,MISC
université pari (ORG),1,ORG
ose (LOC),1,LOC
ak (LOC),1,LOC
bernard dejean (PER),1,PER
rue (PER),1,PER
uillou (PER),1,PER
esper johnson (PER),1,PER
##kko (MISC),1,MISC
vice (LOC),1,LOC
##fall (MISC),1,MISC
green (LOC),1,LOC
##bian (PER),1,PER
festa (MISC),1,MISC
##is (PER),1,PER
ba (MISC),1,MISC
easterling (PER),1,PER
##ull (PER),1,PER
chama (MISC),1,MISC
hag (MISC),1,MISC
nua (LOC),1,LOC
helt (MISC),1,MISC
ere (LOC),1,LOC
##zerland (LOC),1,LOC
##hleringer (PER),1,PER
hell (PER),1,PER
fri (PER),1,PER
##spring (MISC),1,MISC
una (MISC),1,MISC
beta (MISC),1,MISC
im (MISC),1,MISC
##hlin sva (PER),1,PER
##hout (LOC),1,LOC
ion (LOC),1,LOC
##lez (LOC),1,LOC
mitchell bergmann (PER),1,PER
##sco (LOC),1,LOC
ali (LOC),1,LOC
##var (MISC),1,MISC
ti (PER),1,PER
akello sikora (PER),1,PER
lan (ORG),1,ORG
##ble (MISC),1,MISC
##hodayari (PER),1,PER
ym (MISC),1,MISC
hu (LOC),1,LOC
kearne (PER),1,PER
du (PER),1,PER
lati (LOC),1,LOC
norway (LOC),1,LOC
d (ORG),1,ORG
##angzhou (LOC),1,LOC
##macher (PER),1,PER
##wski (PER),1,PER
ud (ORG),1,ORG
hij (PER),1,PER
aubier (PER),1,PER
ser (MISC),1,MISC
sal (MISC),1,MISC
len (MISC),1,MISC
##er (PER),1,PER
##epen (PER),1,PER
fernándezbeaskoetxea (PER),1,PER
inden (MISC),1,MISC
reas (MISC),1,MISC
oak (LOC),1,LOC
roman (LOC),1,LOC
veral (MISC),1,MISC
iam (MISC),1,MISC
##chenbuch (LOC),1,LOC
de deyn (PER),1,PER
ative (MISC),1,MISC
handle (MISC),1,MISC
lity (PER),1,PER
##öhmer (PER),1,PER
januar (LOC),1,LOC
##akov x (PER),1,PER
##back (PER),1,PER
##candinavia (LOC),1,LOC
##midt (PER),1,PER
ban (MISC),1,MISC
##commongarde (PER),1,PER
ley (ORG),1,ORG
ul (LOC),1,LOC
##hn wiley (PER),1,PER
ke (MISC),1,MISC
kingsolver siepielski (PER),1,PER
mati (MISC),1,MISC
dica (MISC),1,MISC
hwang vehtari (PER),1,PER
##ünkemüller (PER),1,PER
##kharova (PER),1,PER
##oning (MISC),1,MISC
##titi (MISC),1,MISC
ack (MISC),1,MISC
##l david (PER),1,PER
##cio (MISC),1,MISC
##kkel (PER),1,PER
levin (PER),1,PER
diet (PER),1,PER
michael diet (PER),1,PER
pp (MISC),1,MISC
cars (PER),1,PER
##awa (LOC),1,LOC
midt (MISC),1,MISC
zou thébault (PER),1,PER
bok (LOC),1,LOC
now (MISC),1,MISC
monteiro (PER),1,PER
jenouvrier (PER),1,PER
##tra (MISC),1,MISC
##dji (PER),1,PER
ela (MISC),1,MISC
sto (MISC),1,MISC
ham (PER),1,PER
lb (MISC),1,MISC
ster (MISC),1,MISC
es (PER),1,PER
##mar (PER),1,PER
ho (PER),1,PER
ana (PER),1,PER
al (LOC),1,LOC
nit (LOC),1,LOC
##mgren (PER),1,PER
lavee (PER),1,PER
metric (MISC),1,MISC
##ba (PER),1,PER
mer (PER),1,PER
singles (MISC),1,MISC
here (MISC),1,MISC
##ford ha (PER),1,PER
ha (PER),1,PER
##ion (LOC),1,LOC
vat (LOC),1,LOC
non (PER),1,PER
iri (MISC),1,MISC
##ô (LOC),1,LOC
##tz (PER),1,PER
fuerte (LOC),1,LOC
micheli (PER),1,PER
ensi (MISC),1,MISC
import (MISC),1,MISC
wa (MISC),1,MISC
##terbury (LOC),1,LOC
barbier loreau (PER),1,PER
car (PER),1,PER
euro (MISC),1,MISC
doe (PER),1,PER
her (PER),1,PER
bol (PER),1,PER
sh (MISC),1,MISC
petition (MISC),1,MISC
##lla (MISC),1,MISC
##lore (MISC),1,MISC
##ity (MISC),1,MISC
##hue (PER),1,PER
non (MISC),1,MISC
oberdorff (PER),1,PER
ere (PER),1,PER
amar (MISC),1,MISC
oli (MISC),1,MISC
ill (MISC),1,MISC
hwange (LOC),1,LOC
##empora (MISC),1,MISC
han (LOC),1,LOC
##beke (PER),1,PER
tibshirani (PER),1,PER
ef (PER),1,PER
nie (PER),1,PER
##pende (MISC),1,MISC
nden (MISC),1,MISC
##pdxdoior (ORG),1,ORG
ven (MISC),1,MISC
mall (MISC),1,MISC
alb (PER),1,PER
os (PER),1,PER
lawler (PER),1,PER
##tte (LOC),1,LOC
dit (LOC),1,LOC
coxon (MISC),1,MISC
ama (MISC),1,MISC
kuznets (PER),1,PER
münkemüller (PER),1,PER
fondation recherche biodiversite fr (ORG),1,ORG
##bcomajhelmstetterpa (MISC),1,MISC
python (MISC),1,MISC
az (ORG),1,ORG
acka (ORG),1,ORG
##idjan (LOC),1,LOC
kong (LOC),1,LOC
##ts (PER),1,PER
bot (PER),1,PER
esource (PER),1,PER
##bo (MISC),1,MISC
nda (MISC),1,MISC
##vitavecchia (LOC),1,LOC
aun (MISC),1,MISC
rence (PER),1,PER
##enter (LOC),1,LOC
##effand (LOC),1,LOC
vat (MISC),1,MISC
me (PER),1,PER
terial (PER),1,PER
##ptor (MISC),1,MISC
##taker (PER),1,PER
janzen (PER),1,PER
our (MISC),1,MISC
nde (LOC),1,LOC
let (MISC),1,MISC
rosindell phillimore (PER),1,PER
##au (LOC),1,LOC
krakatau (LOC),1,LOC
fontaine thébault (PER),1,PER
arab (MISC),1,MISC
andre (PER),1,PER
stan (PER),1,PER
santamaría rodríguezgironés rezende (PER),1,PER
ter (MISC),1,MISC
thébault loreau (PER),1,PER
schneider (PER),1,PER
woj (LOC),1,LOC
ibarra van der (PER),1,PER
dance (MISC),1,MISC
by (MISC),1,MISC
##ger (MISC),1,MISC
nar (MISC),1,MISC
kerguelen (LOC),1,LOC
##ban (PER),1,PER
##ur (ORG),1,ORG
niz (LOC),1,LOC
ye (LOC),1,LOC
##ötzenberger (PER),1,PER
certain (MISC),1,MISC
pé (LOC),1,LOC
##érémy (PER),1,PER
##spoort (LOC),1,LOC
lewandowski köhler (LOC),1,LOC
https (LOC),1,LOC
an (MISC),1,MISC
tenen (PER),1,PER
pol (ORG),1,ORG
con (LOC),1,LOC
jan (LOC),1,LOC
hen (LOC),1,LOC
##ev (PER),1,PER
vit (LOC),1,LOC
##eren (MISC),1,MISC
##pezgar (PER),1,PER
##wkesbury (LOC),1,LOC
menn (PER),1,PER
chica (LOC),1,LOC
trop (MISC),1,MISC
we (PER),1,PER
##tralia (LOC),1,LOC
us (LOC),1,LOC
##ralia (LOC),1,LOC
guiana (LOC),1,LOC
##wedish (MISC),1,MISC
endix (MISC),1,MISC
jrand (PER),1,PER
list (MISC),1,MISC
##enberg (PER),1,PER
villa (LOC),1,LOC
krackhardt (PER),1,PER
##kamp (LOC),1,LOC
##shimura (PER),1,PER
hak (LOC),1,LOC
##éditerran (LOC),1,LOC
community (MISC),1,MISC
tro (LOC),1,LOC
##ierra (PER),1,PER
día (PER),1,PER
replica (MISC),1,MISC
##fi van der (PER),1,PER
ant (MISC),1,MISC
##fi (MISC),1,MISC
k (MISC),1,MISC
jan (MISC),1,MISC
za (MISC),1,MISC
##hal (ORG),1,ORG
européenne (ORG),1,ORG
late (MISC),1,MISC
luiz kulb (PER),1,PER
##ldi (PER),1,PER
ly (PER),1,PER
higgins thompson (PER),1,PER
zu (MISC),1,MISC
mart (LOC),1,LOC
wei le (PER),1,PER
##ournel (PER),1,PER
##lj (PER),1,PER
vanbergen (PER),1,PER
www (MISC),1,MISC
die (PER),1,PER
##vennes (LOC),1,LOC
bourne (ORG),1,ORG
##edu (PER),1,PER
##wald (PER),1,PER
phytotelmata (MISC),1,MISC
ho (LOC),1,LOC
##ani (PER),1,PER
theodosiou van (PER),1,PER
##on (PER),1,PER
gyllen (PER),1,PER
nn (MISC),1,MISC
theodosi (PER),1,PER
httpsdoiorgele (MISC),1,MISC
##ho (MISC),1,MISC
na (PER),1,PER
##hel (LOC),1,LOC
##sson (PER),1,PER
j (PER),1,PER
end (MISC),1,MISC
km² (LOC),1,LOC
atrix (MISC),1,MISC
nakagawa (PER),1,PER
herb (PER),1,PER
fl (MISC),1,MISC
##chneeberger (PER),1,PER
pol (PER),1,PER
##mshaven (LOC),1,LOC
wil (LOC),1,LOC
tee (PER),1,PER
##yckerman (PER),1,PER
vadeboncoeur (LOC),1,LOC
mit (MISC),1,MISC
##äki (LOC),1,LOC
ommon (ORG),1,ORG
##hav (MISC),1,MISC
nuo (MISC),1,MISC
cast (MISC),1,MISC
##nell (PER),1,PER
bon (MISC),1,MISC
nl (ORG),1,ORG
theo (PER),1,PER
muséum national dhistoire naturelle pari (LOC),1,LOC
o (LOC),1,LOC
##rn (PER),1,PER
boulange (LOC),1,LOC
lima (MISC),1,MISC
poor (PER),1,PER
chan (LOC),1,LOC
china (LOC),1,LOC
##phyta (MISC),1,MISC
anos (PER),1,PER
europa (LOC),1,LOC
li (PER),1,PER
ogen (PER),1,PER
hangalapura (LOC),1,LOC
##deutschland (LOC),1,LOC
##west (LOC),1,LOC
ll (PER),1,PER
urma (MISC),1,MISC
##erland (PER),1,PER
vid (MISC),1,MISC
zo (LOC),1,LOC
belgian (LOC),1,LOC
approach (PER),1,PER
copyright (MISC),1,MISC
é (ORG),1,ORG
##oto (LOC),1,LOC
##ster (LOC),1,LOC
océan indien (LOC),1,LOC
dro (MISC),1,MISC
dick vanbergen (PER),1,PER
ann (MISC),1,MISC
##xiv (MISC),1,MISC
national (LOC),1,LOC
##on (ORG),1,ORG
shi (MISC),1,MISC
van der wa (PER),1,PER
##rchtesgaden (LOC),1,LOC
berchtesgaden (LOC),1,LOC
##nburg (LOC),1,LOC
ore (MISC),1,MISC
edat (MISC),1,MISC
pi (ORG),1,ORG
ter (PER),1,PER
doi (MISC),1,MISC
fi (ORG),1,ORG
##ols (LOC),1,LOC
dato (MISC),1,MISC
##surface (LOC),1,LOC
xamp (LOC),1,LOC
kunst (PER),1,PER
su (LOC),1,LOC
jensen (PER),1,PER
suzukii (LOC),1,LOC
w (MISC),1,MISC
##rski (PER),1,PER
wileyblackwell (MISC),1,MISC
bradbury (PER),1,PER
